{"cameraMode":{"drawMode":0,"name":"Shaded","section":"Shading Mode"},"sceneLighting":false,"audioPlay":false,"sceneViewState":{"showFog":true,"showMaterialUpdate":true,"showSkybox":false,"showFlares":true,"showImageEffects":true,"showParticleSystems":true},"in2DMode":false,"pivot":{"x":2.0269806385040285,"y":-0.513351559638977,"z":-0.28397512435913088},"rotation":{"x":-0.13637886941432954,"y":0.008021285757422448,"z":-0.0011042471742257476,"w":-0.9906241297721863},"size":3.8403704166412355,"orthographic":false}