{"cameraMode":{"drawMode":0,"name":"Shaded","section":"Shading Mode"},"sceneLighting":true,"audioPlay":false,"sceneViewState":{"showFog":true,"showMaterialUpdate":true,"showSkybox":true,"showFlares":true,"showImageEffects":true,"showParticleSystems":true},"in2DMode":false,"pivot":{"x":327.65374755859377,"y":204.53053283691407,"z":32.15765380859375},"rotation":{"x":-0.09167758375406265,"y":-0.008367490954697132,"z":0.0007704225718043745,"w":-0.9957536458969116},"size":222.88331604003907,"orthographic":false}